OBJECTID,english_ro,RoadClass,LandUse,priority_score,query_lon,query_lat,mapillary_has_coverage,mapillary_image_count,mapillary_image_id,mapillary_captured_at,mapillary_compass_angle,mapillary_is_pano,mapillary_image_lon,mapillary_image_lat,mapillary_thumbnail_url,sidewalk_present,crossing_present,school_or_market_context,transit_stop_context,pedestrian_activity_visible,speed_sign_visible,notes
15807,Udon Ratthaya Expressway,motorway,URBAN,0.9901204088704088,100.5432377,13.9018303,1,481,811328303124630.0,1543701431465.0,16.442687988281,False,100.54324865341187,13.901669684124556,https://scontent.fmnl22-1.fna.fbcdn.net/m1/v/t6/An-JdfTP2mMNEWBA0ksvjF9SdhP6V_f1UepSuSakimn-7fdxbh9F2Fzv3VnSmlYnNlaMnWdeZRprmg0k0z1IBo-7p5I26sXk1g9-qd5GbxAvqjmWUm7y3kjLyB16ueMhvXAs0D3w2GDJdkuqsvco4Q?stp=s1024x768&edm=ALXxkZ8EAAAA&_nc_gid=Jw0gD6MdkvqAfPqNzkWHpA&_nc_oc=AdrNfvulR3USYDCNJtQu-42kCY3b5ARd9am1VghuOn7TN2TNL9dEzU3AlKdBONI7wJ4&ccb=10-5&oh=00_Af-GBp-uI-4GNUENOEP4ql7NSavcOzu-trcWBwIq2RKTRg&oe=6A586238&_nc_sid=201bca,,,,,,,
16367,Prachim Ratthaya Expressway,motorway,URBAN,0.987110187110187,100.4258304,13.799194,1,59,859717980409892.0,1770984100733.0,280.0460563468721,False,100.4263687133789,13.798531985886044,https://scontent.fmnl22-1.fna.fbcdn.net/m1/v/t6/An8d3W_-JN9-SIKF6qJ475pkWVbKrtlgxE6fgo7KagKeFmW7UqAg-gxHWq86pWwVRCSik3nTBGkyxLwXxBop95RRP3QqJCmX2QuObHwfNoG5yKtavtfh2VHf3FUOwGjFTzO-KSfTDoYvRMI7haI_uKc?stp=s1024x576&edm=ALXxkZ8EAAAA&_nc_gid=xOBo-NQkXa0SNwj3R_LvaQ&_nc_oc=AdosUY_oURp1hKHgmA1xTikJ67FkLtcZPiDpzwM4sU-TrMv94I6llFVsAXcdWd38r6E&ccb=10-5&oh=00_Af_ch1dUfMjDBUm7eggk-ip8OyqbUJf5ubgBWuj4EeOaXQ&oe=6A5875AA&_nc_sid=201bca,,,,,,,
16369,Prachim Ratthaya Expressway,motorway,URBAN,0.9848925848925849,100.5499176,13.8112534,1,3663,1464357001790695.0,1770751357800.0,15.454981853530967,False,100.54983079433441,13.811013860711498,https://scontent.fmnl22-1.fna.fbcdn.net/m1/v/t6/An-cno4pPrjHOI8J8AnGOGnxDAL3KMF89dSCw83C-lJw3lMKIErPcefnL41NJGYEhsOrmd__5HoeZCKDpS-srY0KDjTPO_-YUpbs2nLbWK5uOHG-s7pqcu955L5HZ9P8oWvoWMsqRw78xnKom3DEUBQ?stp=s1024x576&edm=ALXxkZ8EAAAA&_nc_gid=U9qoZHAGxptuijB0vl_h4A&_nc_oc=AdrOGj6cO9eMidDOcEvughEJEDGpZN75uom1Xp9-M_m6s27uhnhZHnTK53OTGIch1Nk&ccb=10-6&oh=00_Af-0R-yShAGS3jHNwMDbo7-n8l5bVzhYy3cGBD8vCa2LNA&oe=6A587852&_nc_sid=201bca,,,,,,,
178,Buraphawithi Expressway,motorway,URBAN,0.9846110533610534,101.00488587,13.48893451,1,526,3950834061630243.0,1540994744175.0,201.4626062814,False,101.0047173500061,13.488168310245428,https://scontent.fmnl22-1.fna.fbcdn.net/m1/v/t6/An-Mgsq8Ari4LYTH9IMD5TqSSGdK0NXMbiThTftENLZ5_8WfEmcQCVRArsrIQmONI_z3Gv2-qQY635tQ5l6nzEg97GN9KtV4xdXJth7a0sPJb9thk-0fCZvlZKMGZ76elD8bK__BP65hAi5cAn6rOQ?stp=s1024x576&edm=ALXxkZ8EAAAA&_nc_gid=1i38y2pHCzEG2bhoFANROA&_nc_oc=AdrV3DL1RwNDVfPim6Bjn9t1lZs9xGBWA9CgqV5CoBo5VuJ9pNgyuUkoE-PHlZCz3Bo&ccb=10-5&oh=00_Af-qu5pI_4rq0KaK1RIqZ0tjwS57pC6uIHFtY0yEgRLtiw&oe=6A584865&_nc_sid=201bca,,,,,,,
36078,Phetkasem Road,trunk,RURAL,0.9840306652806652,98.4261369,8.3338412,1,21,955950325166819.0,1533943324289.0,37.979583740234,False,98.42596650123596,8.333625265797693,https://scontent.fmnl22-1.fna.fbcdn.net/m1/v/t6/An87RMQiYu-uw-hBCO54CAmBO1-sTVjN3r_LlG1WPsycwwokSkZJfZL46lW7l-JgvxTBuNd8AQHXgoXIR7A9PjUUmJ3-xRbt7MDULLFaxTfl6a5cxbm_ZGahkrVuFg1EpBW4DCAqnhEvkYkDZdB8FtQ?stp=s1024x768&edm=ALXxkZ8EAAAA&_nc_gid=3qArsU6RMTArW9NX0PHcHw&_nc_oc=AdqspwDL8OBv2Gt5Pt41Q332fTgLvcSpVit1nWullsUtofHo5yqIvTi_4FxMEEoyJlI&ccb=10-5&oh=00_Af-ddBdpovDPi_2mwq0YvO1rwwdSBwTRzlbLQBMzUzVL9Q&oe=6A586898&_nc_sid=201bca,,,,,,,
17519,Asian Highway,trunk,URBAN,0.9834719334719334,100.35200968,14.99199584,1,237,1308334241220694.0,1777425034757.0,332.05158049387904,False,100.35204470157623,14.992079402075063,https://scontent.fmnl22-1.fna.fbcdn.net/m1/v/t6/An-R-Lz9PsfVZrcz_d827VMV9Ade33eeIV3oXZuPJMhpKgXVFcJ50yqZOA5n5j1ZnCnHH--A3nnzMjq627H4N8ohai0LEtQTPIYs5t9KI01ih3RqIHJrQOTBdb0_7shaGeke7u2WO9WMcOrO9KVrpQ?stp=s1024x576&edm=ALXxkZ8EAAAA&_nc_gid=bVbmReGS_IAT04VGmCvG-g&_nc_oc=AdpgHL_uELWLHstPYGWz0Q15LbaKjpkO-6_W5zeKBG44JypjTuoWpvPSi36ua4LIp_Q&ccb=10-5&oh=00_Af8oI8W_W4wzvgGLOcyu8sWhpO-IwKDnx5DLBrnfSTIVcA&oe=6A5855D4&_nc_sid=201bca,,,,,,,
35515,Chalong Rat Expressway,motorway,URBAN,0.982661988911989,100.6890981,13.8974356,1,1524,603789171014656.0,1580077643000.0,-1.0,False,100.68851172924042,13.897321554941996,https://scontent.fmnl22-1.fna.fbcdn.net/m1/v/t6/An-RK3SO5reazLz6wJ5OWpewAaobDIUNmegYxV1gOI-Fow-os0w6uT9MelAO2R-12MaLRzyXmbzQlHCA-0VutxlnC51Gv0rZ6v5iAEvag6AGy1ctRWXI5LpFqLsqlB7MtDDji2y7TcVuwiYK8iyRCQ?stp=s1024x768&edm=ALXxkZ8EAAAA&_nc_gid=OU1g6hy3lX19feT1cGnNiA&_nc_oc=Ado0AqgDBxTB4iOQhocrVuYeoVznQ1txCzbHLRRryE81XQi5nYgs_VlP3hfhvUhytcQ&ccb=10-5&oh=00_Af-UdzXUYOe7lfEIKC8Ijv7BEhL0IBap_Q79DgnDUqdTjA&oe=6A587344&_nc_sid=201bca,,,,,,,
15808,Udon Ratthaya Expressway,motorway,URBAN,0.9822981635481636,100.5569967,14.1452312,1,198,1641313443817124.0,1777314619624.0,122.57885591787596,False,100.55720150470734,14.14520034362397,https://scontent.fmnl22-1.fna.fbcdn.net/m1/v/t6/An8DNzUlBWnjOhzQVZBQwtZ2E6attmEaKMUDf-mqWmKBY3c5TnlMFmUS85ARYtCrZ2v1YmyQxdgyNieR08sKaWJbDB5xg8tNwAHD89m7VgoNQMaA9xLh6lChN5hSCWSm4JhlYTYQR1a38Kn96OkaLno?stp=s1024x576&edm=ALXxkZ8EAAAA&_nc_gid=psKS18iV76pqPY8_4q3VTw&_nc_oc=AdpspmCyKNBqgArS6SUHfSNiTYMDZ9swPPq2E5r_x1r9CXmQLdmYpI0fDeHAsBfqlXI&ccb=10-5&oh=00_Af9PLgraNLY0X7YZ3InUfIyoOpaS2T7SgXleAoezvjl7tQ&oe=6A587694&_nc_sid=201bca,,,,,,,
32459, ,motorway,URBAN,0.9821357415107415,100.6714758,13.655475,1,1882,468383297588869.0,1553968300500.0,0.0,False,100.67182302474976,13.65589650267708,https://scontent.fmnl22-1.fna.fbcdn.net/m1/v/t6/An-fKajA28bl1Q6jAx1x_JUSSwmTJ9EjOM1sgB2qwAJ2ZaXkLb7iFMJNvze7YFxJzACgAZg-PpHHhkoLGD0RWJlHuzPOkRyLThA-QfU_v7hGSX7hlcVVsB0UQ7QKGtUwvb_TIqNCrAryKgsYEr7WbNM?stp=s1024x576&edm=ALXxkZ8EAAAA&_nc_gid=_uzcZeRpnGhw_IiWzV1xeg&_nc_oc=Adpw6ENnuaa_vYhP_q6k59REhziMTps31VZDHbyn9CFLFB8c_VDcciP9LeMXO9KArAE&ccb=10-5&oh=00_Af9Ny5BEFf-ehs6yMykiZHGMyFcvCcbbOOM_sN5EsvKQMQ&oe=6A585733&_nc_sid=201bca,,,,,,,
17498,Asian Highway,trunk,URBAN,0.9802191614691615,100.31363238,15.07532886,1,241,1380863312285039.0,1553677055088.0,137.20125244054,False,100.31307756900787,15.075920362568311,https://scontent.fmnl22-1.fna.fbcdn.net/m1/v/t6/An-ouekQsJW833CUhH_ACP_QLBuzLVoj554MGYxSqjrYf_GCnqArjIrK2gF70cEB1KeJd8A5Ta5KPCwyAKIKMHu7IMNaAt3X8q8xGWIyQvJhLlkf-1CLQXsMIYiG6kMvw07kyo30-YQYnkspbEKLnQ?stp=s1024x576&edm=ALXxkZ8EAAAA&_nc_gid=oUEWLvraPWofTRNqdyf5cQ&_nc_oc=AdqByT7HR4nftyF8oI8noYHZ7CMQAVQK_xURQpJlYwQSMCw1gz0HXPo6F1cIrnEh4N8&ccb=10-5&oh=00_Af-REeX_ReN9eTUvP6toMKGKM1zvItQo5k9bSjd0COLW3w&oe=6A586002&_nc_sid=201bca,,,,,,,
34226,Srinagarindra-Rom Klao Road,secondary,URBAN,0.9802040020790019,100.7193598,13.7542672,1,168,798321852955035.0,1761210774160.0,270.9996840417503,False,100.71949124336243,13.754209687604316,https://scontent.fmnl22-1.fna.fbcdn.net/m1/v/t6/An_7iBohPe2laB1prUAa3MQkexGhDgCRkESuAqEGCG-PokD4bQjtPtCQ2ykSRgAIYjFz4L8HJ8Fir_Pf1vrfM70oGZXIpLPNogmoVGMvm97k1TVGrfIhuzjSMxYoH7g8YMmREM9PvcJKcw_eOZpljjtz?stp=s1024x576&edm=ALXxkZ8EAAAA&_nc_gid=P10_iZthSNvbvvX5T81QXw&_nc_oc=Adqf1Yc1M2QEKVJ1kE7EAXgPafA46IS2ZdzKIZ6lRMsCXrTC9fyqt1yKmjQHJ0P-e00&ccb=10-6&oh=00_Af98JGI3hwz79k1lOawgqzZkv8_T68bEp_sfODqKzOYyEg&oe=6A585934&_nc_sid=201bca,,,,,,,
36236,Phetkasem Road,trunk,RURAL,0.9801888426888427,99.86665344,13.13053952,1,1050,1812508026374023.0,1773089352033.0,294.6281738899887,False,99.8662805557251,13.130622932579925,https://scontent.fmnl22-1.fna.fbcdn.net/m1/v/t6/An_xGRKfb5hwPKP6-ZI5qjcK2QIMEvSZLy1zW7w-TicwGQR4RxGO_xi4LDdAJASEsR0rZ1cblbuoHo4tP6vDYEHVfGoeeIiwzOKkln_60tG9JFecXptlcWrIzDsNhQduT5d9gbFF27d3MA5ujvug1wQ?stp=s1024x576&edm=ALXxkZ8EAAAA&_nc_gid=pWW5jgE07f9GoJDBajgomw&_nc_oc=AdqZttCECq-_kWLJNkBjYjGOSgPSh7t4SFLCslU3nQDUZUgg9fLNOmDQ6VAYRtZe9gk&ccb=10-5&oh=00_Af_2sWo-H4pCIw8OPprzIpcaSW6enhrYzfRXkiGKEjR0Bg&oe=6A58492A&_nc_sid=201bca,,,,,,,
16079,Phahon Yothin Road,trunk,RURAL,0.98011088011088,99.47716029,16.52532962,1,30,510339256670815.0,1578376667892.0,341.31433105469,False,99.47693645954132,16.52612080788846,https://scontent.fmnl22-1.fna.fbcdn.net/m1/v/t6/An918xMUl6rDpIV13Q49byGUtHgjOtevyVJhwQFF7_0xeQ8ENOZSYpS8uoOCYSUcFAKSilssDHL9TeXL5T-eRT_HlipnCVUtX_uDMf_hxlL0l62z17pMwRjV3w8w-Zn09B9jDcUYhpOAP0hOlWBRlQ?stp=s1024x576&edm=ALXxkZ8EAAAA&_nc_gid=j553DVJM5CAUy0JfF8y3wg&_nc_oc=Adq4hdLqaajhhtrW7tQFtnR9eDMupZ_CAKvpRq1SFazzBoyxaLskFb-ndnSiHaXBYzQ&ccb=10-6&oh=00_Af-LdaXDkDYrwqYR6J63hKRnvMwp1inYTdajfJTYZgN9_g&oe=6A5877E2&_nc_sid=201bca,,,,,,,
35740,Mittraphap Road,trunk,RURAL,0.9791666666666665,101.0502108,16.7696374,1,435,1483704319912790.0,1774731104800.0,282.83378022837417,False,101.0496175289154,16.769658649151822,https://scontent.fmnl22-1.fna.fbcdn.net/m1/v/t6/An8Vh4plrYxcU8yt9WH2SHUSI-GOgGVmnOfvRVS7YqUR6pO6cu-BJ-snX-bOj2mdvm2hphQEcxH5MssXViO5zQJ4dNCpqiHg-cRyU97cGDzqhQy0og2Q4Oqs1oLp19DMqCl7jcSlSY7CrXY70nvNeA?stp=s1024x576&edm=ALXxkZ8EAAAA&_nc_gid=dFRJrqECY7L10TdHDfYk8Q&_nc_oc=AdofJ0Lx5KYulgsPujJG6qOX0jS1L_EvSp8dHWslAuM26ff74RJo_nlJB9j6QhRW8gg&ccb=10-5&oh=00_Af-PiSMrA6eon7zi6l3KI3d24risPSJKGOE3ZCeoqDKm7Q&oe=6A5847B4&_nc_sid=201bca,,,,,,,
35516,Chalong Rat Expressway,motorway,URBAN,0.9790323977823978,100.5942379,13.70544,1,453,220033866549995.0,1532160045188.0,210.48972117672,False,100.5947470664978,13.705876470397172,https://scontent.fmnl22-1.fna.fbcdn.net/m1/v/t6/An_fzBcc03isyTI2LHASssbWhCxr1osg4mEiRGijO9VojGjYrwE7pswu1H4W1SZ-26GZYd_rVCybYSZc-UHyeAU2G9eyXwy3l5JCA-e4aY8s5If9CdQenJiFLkBtmSmnr7hZdKpzBtKJ4ZygURYNH40?stp=s1024x576&edm=ALXxkZ8EAAAA&_nc_gid=yztjvxSWm4NYKW0lN_2OuA&_nc_oc=AdrTfrawHOtQdXlc3MgRt39MbnODPH2hHqMqxA2KervPPw1STGBdQC3VTPq4VTfTdh0&ccb=10-5&oh=00_Af_PNskrzCCxHqVNQKsBTLkOl0B4OqKo2hBfLU0oJygDKA&oe=6A58708C&_nc_sid=201bca,,,,,,,
47675, ,secondary,RURAL,0.97876386001386,100.6908401,18.0475315,0,0,,,,,,,,,,,,,,
36082,Phetkasem Road,trunk,RURAL,0.9783307345807346,98.50832367,8.42948589,1,20,2900123193608818.0,1577857170808.0,242.14485168457,False,98.5079026222229,8.429249013553303,https://scontent.fmnl22-1.fna.fbcdn.net/m1/v/t6/An-5XJ0X7G2r639X-Y7jnPpFExQeBXWtCO1zatOdSHroMdErzGQ1sO3n04onMBCph2zm20KTedwGvm_gaBS8iWvd-5vPobgWl8iidKvxQK0EEo_w3wzt9K5i6xeEvbr43u4aj7pL-LR8kOOUvRL-aQ?stp=s1024x576&edm=ALXxkZ8EAAAA&_nc_gid=WKK3MxS_V-TwZE8HjNynNQ&_nc_oc=Adr6yGn00uRVS5C3CYi35G8Xn_aMqI1wgXtnrBlQx9TrD0mdgNanzG-Oi9k4aJZpLIc&ccb=10-5&oh=00_Af-a9EUIr6k1gTaonGpSK81OI5A43deiZRKhBbCZfEy7HQ&oe=6A5879E3&_nc_sid=201bca,,,,,,,
55622,Phahonyothin Road,trunk,RURAL,0.9771483021483021,99.3942299,18.1453171,1,414,1423946417950517.0,1481960028952.0,220.85033559799,False,99.3946623802185,18.14544396094871,https://scontent.fmnl22-1.fna.fbcdn.net/m1/v/t6/An8ZyGBtUzI7WWt0IrSXzrxO5d04muH4uBlpiAgm7fsHmf4Yc6_uaHEhsu6uczX6Af6BNL_00yVwiEGy9LZ7NW2PMMPfteboD8kg2rDviKQ_4gbUZqXXCUJy4WpXXYueKn2ahJ1B1sEIAjKm8LiucQ?stp=s1024x576&edm=ALXxkZ8EAAAA&_nc_gid=ttv7ilkVAmBYtFFGIr8JQA&_nc_oc=AdpwqpYMNEZZmgcTuZ1nH7sr-WXJDYZvnC9GdSYlfalYzkK6FjVgpIg6IukkBSgoMvw&ccb=10-5&oh=00_Af_e316g1xofr-78mLUZcMDnFwYqgb_sXeNxVg3Nhzxy0g&oe=6A58536F&_nc_sid=201bca,,,,,,,
16508,Chaeng Sanit Road,trunk,RURAL,0.9762387387387388,104.5737557,15.3802374,0,0,,,,,,,,,,,,,,
35277,Suk Prayun Road,primary,RURAL,0.9758077789327789,101.16952482,13.47532943,1,51,977808276298679.0,1552656748000.0,81.0,False,101.169673204422,13.475231146118404,https://scontent.fmnl22-1.fna.fbcdn.net/m1/v/t6/An9Jwwb6u8VWrYMU0JIFZqKoM1-_VcePs1h8SzEYm5cEj7xr-_4jSxcWVxjs9XDmsVtPEmGfBnr0ZWqrOJva_uzZ13q6HtXdUzOVLggXBfO1oFViWKSpfqnyHhuyEggMg0JkuqZISCnEHREJZnjfRQ?stp=s1024x576&edm=ALXxkZ8EAAAA&_nc_gid=bV4fhhSj0bbV4nNvcMmmcA&_nc_oc=Adqezkf_fHv_6Misq2rNhF66znv_6bAPN2tUlX894mN4KQh_BN0gjjV37EIIbj8MbgY&ccb=10-5&oh=00_Af-OO31Ph3ScNWGtbGEfFo2ykbiQDySa5VKe3IViIZ0PPg&oe=6A58719A&_nc_sid=201bca,,,,,,,
35046,Super Highway,trunk,RURAL,0.9755847193347194,99.34165192,18.32071597,1,448,193751235799593.0,1482572484340.0,93.175919175148,False,99.34256851673126,18.3207502435166,https://scontent.fmnl22-1.fna.fbcdn.net/m1/v/t6/An9SA1Lg2L058ELCKgdyn6v_S0frB6Fx-XPOASd1dPlqH5-BYOwMuYJ0DaVOF4ebC7V3TTF1Eg3gZl1gsGEnj3MCYrpiG66yevA4d16k5vxqeaWuLk0G1P7ncoWbGjv1K-IOxjqS7Ng4lNKEuJwpNQ?stp=s1024x576&edm=ALXxkZ8EAAAA&_nc_gid=gq9pIfUWPFs-5Mj5A2HtWg&_nc_oc=AdraKbO4CcWK9fyZE9tQtY0FLjzmOfZEhIpea-GcPmoELKgFz8e9YQ8tptuJlyBb-CM&ccb=10-5&oh=00_Af9p3LPYx_m9Xepj4FNiHgPAELaGgrxfMutBixSXvpg5nw&oe=6A58685C&_nc_sid=201bca,,,,,,,
10250, ,trunk,RURAL,0.9750498094248095,101.0544337,12.8832927,1,99,163094409076910.0,1529425645000.0,345.0,False,101.0543543100357,12.883077427158625,https://scontent.fmnl22-1.fna.fbcdn.net/m1/v/t6/An_ceYIbskJunryArCXOe0ReQoAaWpf-hu-juJ07zsPiAqH-IIyM2E6_et5BLrW6A9NMiyt-_fgL0ROjIOeCL2N5RAuImzEPX9TalanLyAB0dJGAAkByzxNOF8a3bhWJBofv1jtJ4FZgaBSwVt_GjA?stp=s1024x576&edm=ALXxkZ8EAAAA&_nc_gid=oSa8RwXdKzpAQlX8ES_v0w&_nc_oc=AdpxlRQbnrFT0BXI_kDVsa_LCFjPWU5HO4M990XykHJB6NF5bktQ-eGNFE5UKHUfH7A&ccb=10-5&oh=00_Af-tRfMK6Kyn4yNZLUXLeSNoHWgXiZmK1on6d4VXDKlFeA&oe=6A587173&_nc_sid=201bca,,,,,,,
36242,Phetkasem Road,trunk,RURAL,0.9749740124740124,99.81965927,13.27532962,1,1147,909939498446363.0,1771082408000.0,8.044793909933844,False,99.81946527957916,13.275701956080624,https://scontent.fmnl22-1.fna.fbcdn.net/m1/v/t6/An_DSw8-HW8r1G6zjHZOazaRqJXFS5DhHOdt-yENYSpwkz5l10vDMVhvtCb15iPwg82Ma3bjZePP7tGylyAiaZUfKdrUH7MWNeDNGRxrghB54p46Ee4GsF7NyZkikUJydjPJ5ZV9NdHCA41-Bjk1ow?stp=s1024x576&edm=ALXxkZ8EAAAA&_nc_gid=2xQzDwrQGFECEhgazTJS-Q&_nc_oc=Adpiw7RbEtLz-Ooc2aMkJX32gjVQZMO6IHnDqkI515ZmF5Q2CI6MZgnjMz6oO_NiEG0&ccb=10-5&oh=00_Af9JpmIytWpIxRmVY8EejxqaJWz3mWHW2DNZSHeM1wf2MQ&oe=6A5877C6&_nc_sid=201bca,,,,,,,
33972,Khotchaseni Road,trunk,RURAL,0.9746578309078309,101.12553811,15.25032903,1,129,1158488636481076.0,1764073815100.0,176.7471285678049,False,101.12571716308594,15.24967751236521,https://scontent.fmnl22-1.fna.fbcdn.net/m1/v/t6/An9bc-P8hXadd68krxKXz_7aBp7qL-3tlf6eKL0bcxrF-NwkKEM8kt8iMX8GU4pLRoJQ3VBuWckbXDabFxLQiLT3N-KVnx49WEdB4dzxkBBnMNRZ7EwHwGlnTBZaNPTtT9C2UBY0iZ45LUo87iYcIw?stp=s1024x576&edm=ALXxkZ8EAAAA&_nc_gid=tUxCTykuU833mokp_l6jFQ&_nc_oc=AdpgDrUIxqnq4brC5prQjEAUnypbIxG7BkflvN5AQtgCysUky3aRtvkUMwXOPy92Xaw&ccb=10-5&oh=00_Af9JYp1jtFMqllk6xFs0V-MmODmZ8r9MCdA2BdirYb4nMQ&oe=6A587D1F&_nc_sid=201bca,,,,,,,
32393, ,motorway,URBAN,0.9746470027720027,100.5951767,13.6958192,1,1691,156424613134280.0,1533544594596.0,303.08268452094,False,100.5952137708664,13.695776046016363,https://scontent.fmnl22-1.fna.fbcdn.net/m1/v/t6/An-H27Q8mvV9BZ40z0xtbpxuD61KEWWsvlQk1ltc2Kh6nfjtrna276lh3loY7SR5VQEaY9DrgOa46VyGZWH5DRn5Qsl1v_LCyWXG5qYJmdOa-GV6ZxDcdnHgxpn-5w2T5AtmTLEl_9IXoB6m3u85FQ?stp=s1024x576&edm=ALXxkZ8EAAAA&_nc_gid=PSNrQazG4beRQMSzVD1POQ&_nc_oc=AdpXyBhwdUhD_fnqO64MyixB5X3KTIGYv8thT2xMvBPsjFWr1Dh2XShrwxcvmLd0UQI&ccb=10-5&oh=00_Af-dxg0carKlBOu4WKGF2744-CLFGRw60sUboMqp7wflew&oe=6A5851EA&_nc_sid=201bca,,,,,,,
33864,Si Khio-Det Udom Road,trunk,RURAL,0.9729253291753293,103.44165801,14.63148878,1,176,1170660891795268.0,1775950314100.0,116.83522915720374,False,103.44235181808472,14.631159174931199,https://scontent.fmnl22-1.fna.fbcdn.net/m1/v/t6/An8ZMRfcPJ7HwL63UqZbXVygeTi-MJEo6fIWReSz-9xnCkEq2ZS59pwtGnK7SucU-OindE0D-WLKumaMl5j3nGT90YCJA6sAMbvyjLBW91SE9ZV2gqNclCk09KRN8lPZWOlA_Wku8Wy3X79-Q6i9OjU?stp=s1024x576&edm=ALXxkZ8EAAAA&_nc_gid=hSmuqzJyNNrWMii-BtZ0Xw&_nc_oc=Ado0rJ6jgFkh-qOUBrF02Z_C82EdeMKXxCSfOYvxOwYZigvmbY-vyHbyEKpXWb6JPP0&ccb=10-5&oh=00_Af-W2kikR5qtQahuw9-etiJQ4hfQN7yUx7Vgxl7cS0kObw&oe=6A585011&_nc_sid=201bca,,,,,,,
17166,Charot Withi Thong Road,trunk,RURAL,0.9728733541233541,99.19998932,16.88533183,1,25,289149969421538.0,1440942950120.0,287.27768313885,False,99.19953167438507,16.885169276620516,https://scontent.fmnl22-1.fna.fbcdn.net/m1/v/t6/An_bR9HdjYWuWYXyv0DYGGTJ5Ph_rIAb9XJG6U-WssVPAr3CuWkXlru37QFXyO6XawCtZhIphGiBFgR6KvmKwcsfAGmR8rrmnnarArofwwKwrI0E4FLBgw--gb4ZWuPgVXS1c5W5WzO5YFgujHyDwA?stp=s1024x768&edm=ALXxkZ8EAAAA&_nc_gid=NYWHKbSRRlc3us8JPzK1Sg&_nc_oc=AdrSGcccqmL1xujKrAvj7YCnQUwlNwoVj7ZNjTjoOKcApNbmQ8VGfGts37qT5D0X544&ccb=10-5&oh=00_Af_KZ7Xn0J0PbzeE9A0GGTN8djbIi_X6At8hLZmhAlBsuA&oe=6A586EB1&_nc_sid=201bca,,,,,,,
16091,Phahon Yothin Road,trunk,RURAL,0.9720374220374219,99.30720151,16.66699602,1,29,942499316514234.0,1576831522920.0,135.27764892578,False,99.30707216262817,16.667187950351618,https://scontent.fmnl22-1.fna.fbcdn.net/m1/v/t6/An_N-B0wCJUaKV722XRl9MGdkKJZkl4cQWKGQzYJcU57e5QaUT3_OaxuMOlrRpnsz-UjXd9YxWDB2QWc5remwbisxdFNeb8P30taTH5mj5S7O8WRFAuuCw2OZomaErWbAgAm5ct85bQarsNpTRMrBA?stp=s1024x576&edm=ALXxkZ8EAAAA&_nc_gid=lJOmfIAkC9MF8jOM-QU-5w&_nc_oc=Adr0hkmWmZbPH73ptwXuXO6Xb-8SyX3AdzWaP-3ituL4F_OCTHZy9T02Jd64A4fHUtA&ccb=10-5&oh=00_Af88A0tsreNIbGo0Kw3aRnSUipBkEc8XlLJlL3CoYy7wwg&oe=6A586048&_nc_sid=201bca,,,,,,,
11566, ,trunk,RURAL,0.9711538461538463,101.3494141,13.1346436,1,783,3587338551406276.0,1764580957900.0,131.94404249284594,False,101.34932219982147,13.134635057495146,https://scontent.fmnl22-1.fna.fbcdn.net/m1/v/t6/An8JvRkaOkrhXS57OkSFPjBuVBMotCliGFxFbntEiX1s36ngboFsTIupN4idh45-RqWXuf3UXCRjeHajg2AWDBsvSAFiWHKIE8LHF0m8e2vJcvStBCfhP4wtDp0BSWhSX75HUI3Fh2avAkTLwHfKHWw?stp=s1024x576&edm=ALXxkZ8EAAAA&_nc_gid=TzjORR-AFV1_f7xJWseqiQ&_nc_oc=AdogVtSQoemaZ-4eI3UdIUGb73T5qD3-BD646oqldQN0uof7KDisJXuAUEqWzGXaHsI&ccb=10-5&oh=00_Af-9oSkgxSV3G3bX4LVWbf_VM4-2-TJDL0iSI1aKUc9bGg&oe=6A586FE1&_nc_sid=201bca,,,,,,,
33533, ,motorway,RURAL,0.971149514899515,101.56355798,14.84688844,1,2413,472611133795654.0,1541159521000.0,145.0,False,101.5639579296112,14.847286754618523,https://scontent.fmnl22-1.fna.fbcdn.net/m1/v/t6/An9B3n3RY7ID5eGdD99aG-VLhbKAuerMldR0ZsR_hl62ef2NoqI-enIPVdGWE4HrzUB6NyNXMbwJcpf2dxh5bqvmAIEzmcihTDgPGp8XPMFkycXXB92zdUDHeLqhikMHMiemwNDzMHG8_5_fVrWpyQ?stp=s1024x576&edm=ALXxkZ8EAAAA&_nc_gid=CORMdNwqRCvgBLmgLodnfQ&_nc_oc=Adozh4yc2_sSs6MCxNtRZv2BEDtUQPqyxG6hkOBgZOptqz6nQIeuRUzdkaYPuGx5ZUk&ccb=10-5&oh=00_Af9vDlTN0BqrCQjfc99cTKmWhoJ867bfEhcx849vcpGppw&oe=6A586BBC&_nc_sid=201bca,,,,,,,
16114,Phahon Yothin Road,trunk,RURAL,0.9710239085239085,99.8059664,18.4774671,1,9,1462120327933613.0,1686467749478.0,197.89538741111755,False,99.8060542345047,18.4776502378036,https://scontent.fmnl22-1.fna.fbcdn.net/m1/v/t6/An-GogixB8jw6LBeUFgteSD6Gzp9GJZuGkB_aF2RPnz_Uyel6fs1BVTrQ0oPWjOOxM6wh-1TLwdspdoqhr02uxIDW4390rDLVJswWSyPlkutaREIgrvlW7lzaN0AROaJUxnKwFWsAK2rVXurferzuZQ?stp=s1024x768&edm=ALXxkZ8EAAAA&_nc_gid=TWWlseBqXqqRTdmTgV6KZg&_nc_oc=Adr_Gc2LciTg7g0rKoH48fPMUHPNHXd58dCpy7pz0-_Whm0LC2dg_-JhSrrNl11iJ2A&ccb=10-5&oh=00_Af8FZfJT3Z-3r_RujLYSbuVtjcRLjOXOaGkEfLpsXgE6KQ&oe=6A58508C&_nc_sid=201bca,,,,,,,
35372,Bang Na - At Narong Expressway,motorway,URBAN,0.9706232674982676,100.602871,13.6831384,1,928,579825052996629.0,1470235669000.0,0.0,False,100.60294389724731,13.68353821162873,https://scontent.fmnl22-1.fna.fbcdn.net/m1/v/t6/An-uw6oSh-ESX_WOHH4snERmLnAQanl7geaGx3eS2R9rnglE0C46E5RMGjxssN-_SBRC0rzg5SM63onfTReIhAUa_zIQxQSCKSvjQpsF5DavF3UXl3jbaoOmuniCJA1KoKhX_luyxPa74hkSgKumhw?stp=s1024x768&edm=ALXxkZ8EAAAA&_nc_gid=ozBiEge030OPEdQ9yDQLsA&_nc_oc=Adqc_s-0Kz_Sqy4K_4IX53Roj9u62w2fXTKM_4miF-FL_cq5ijcRv7gqwQdAQw1kbtQ&ccb=10-5&oh=00_Af8EHMx6DDV3swNuo-tDuI0QpGJmCQ-hpCsILBPCmmTTaA&oe=6A584F68&_nc_sid=201bca,,,,,,,
29181, ,primary,RURAL,0.9702334546084546,102.86665343,15.01242416,1,99,261129355650634.0,1476116661276.0,105.44354914172,False,102.86730229854584,15.012329002920652,https://scontent.fmnl22-1.fna.fbcdn.net/m1/v/t6/An8BQSkSSPL1DB_6c_MhrOwluSdfrJ7NvtCqTwacXVlTj_puDDzIT5VkBDXIqJ6WynQQc0yTsAPR_97mJWH_Affe8IGtBwQic63dWZcL9ncf65Rf1bCg19C1O6Q5DfelVhs6QA45yoAaHwnhAfmX4Q?stp=s1024x576&edm=ALXxkZ8EAAAA&_nc_gid=R5hxjV1WpX4sPGs2VU5IQQ&_nc_oc=AdrnUMa_4c6XIUlLUONsc9IY69RUry6MVQZW9Kr_R5csqe8ZZpTmvaWiTz9OILG5aw4&ccb=10-5&oh=00_Af_5ngS7pAgFEaqt0gDPJ1d4ztDu-9NvfLEZLJJ-fR6H7A&oe=6A5861C6&_nc_sid=201bca,,,,,,,
29162, ,primary,RURAL,0.9700753638253639,102.84775444,14.65032962,0,0,,,,,,,,,,,,,,
35041,Super Highway,trunk,RURAL,0.9699627512127512,99.08332062,18.52593386,1,445,783723008959001.0,1544302422189.0,137.95547485352,False,99.08332228660583,18.525845919601792,https://scontent.fmnl22-1.fna.fbcdn.net/m1/v/t6/An8v7wlp6MYYOR7gtdcz04fR9cccIqiYZUy44kHFBKQ5g4YshhfVVInMHG2HOiBghQ92qlSL8_ZDJVSko79PqvWZK2OCl08hjW0cgBFh8fV-WanrkglzFXUnQePaGV00TUtXVUuk5aVxkYLC43Q4BA?stp=s1024x768&edm=ALXxkZ8EAAAA&_nc_gid=Kq9z1xMFCz_u9Tj4BH0mvw&_nc_oc=AdrjhyDaMGtwRCq1mb6b3XUqGTxFANudwASq_zjRQdnEU6BvjSwIWLysgKoH4RFw8Us&ccb=10-5&oh=00_Af-wJSUVXQd_aZir-i31dYa2v5LNs7an5bJowmSi90PvaQ&oe=6A58473D&_nc_sid=201bca,,,,,,,
33833,Suranarai Road,primary,URBAN,0.969951923076923,102.1103259,14.9827273,1,199,537340567267215.0,1476110469167.0,227.65851565779,False,102.11047947406769,14.982772647741555,https://scontent.fmnl22-1.fna.fbcdn.net/m1/v/t6/An-hQ2Zss-FMD1Zdj8pomEkBn-6lgPb_g7xoSxF_HBPqAtdtyvyJoRgrW2p9qNbjzN48l2xQFAlkHEYTVtkpcQsIaB3BXooWalqgcbklv11IUSA_KaXh-l1wD76dOINt1wV3ykEYB_SW3VKdmHp4Ov0?stp=s1024x576&edm=ALXxkZ8EAAAA&_nc_gid=c8tmfdbZScepqT0JFGfOeA&_nc_oc=AdoyDCBEd4OEZv-3Xwn6QYjmSnL3XGqJuDZEu_PDtPueDrmedzzn5Ml4hxmiGDJW0so&ccb=10-5&oh=00_Af9059nfV4tBIbHCV0_bGmV7h3ja5_JMcbLByEZpKXZXqQ&oe=6A585F1B&_nc_sid=201bca,,,,,,,
55624,Phahonyothin Road,trunk,RURAL,0.9695296257796259,99.22143525,17.59199528,1,83,1473354554537071.0,1772282264433.0,14.258056895381912,False,99.22118246555328,17.591871420228244,https://scontent.fmnl22-1.fna.fbcdn.net/m1/v/t6/An9fjI0k4wh1jkEgVC8a9s-JvlZg1hg1TSEvCssCj6B3MJj2SUtw_MXkx-omic1coV6tMLMuGa1136l_sh4KTLYZkva_sZmxnpA29mHJ3FfjrThNDPh5DT8-Jp7eQb8ARsQIG7ZUZ1Fy77IUudVTL3A?stp=s1024x576&edm=ALXxkZ8EAAAA&_nc_gid=11A6yB16ajK_pwj62GxOvg&_nc_oc=AdpahSR4nEcmdJYAykB67mT5_fi9ShN14ONGO735k7Dipp7z14pgkWVEJ37BKKoQLvA&ccb=10-5&oh=00_Af-s6SFkCRWyRwUV0Pi_2Nlp6ojMr8Dq9C0Jh6qF46iVuw&oe=6A587ABB&_nc_sid=201bca,,,,,,,
34001,Khotchaseni Road,trunk,RURAL,0.9686590436590437,101.01208941,15.75866226,1,113,2511086032641309.0,1774620536833.0,353.6633660520995,False,101.01204514503479,15.75779987554651,https://scontent.fmnl22-1.fna.fbcdn.net/m1/v/t6/An_MS4Jr5XAgDNe7S3ICbeC2gGDC0O44DQ_YJW020dz57uu9f93NmNzXS9o-LXA76-o-eUGSEZnZc7a0ZOmQsXW8ZLcZ6O5Ub2P7_BFkF_uiVxjLcl44I2nK2X9AmXVSzakNjKMONUiyVeSLamDBAA?stp=s1024x576&edm=ALXxkZ8EAAAA&_nc_gid=d0ax2fb4Ry20TDkjXtO-PQ&_nc_oc=AdqMjlonoQ6eG2elFIK7iZGYyI3zyDSV_OmWr_1g-JU4HerjK7jxgE6s7_wZxrRnvIs&ccb=10-5&oh=00_Af-xCWJUc1QiOjIhGjwTx7Zkwk4zP7SuOqn8jVv_MhPt0w&oe=6A585E90&_nc_sid=201bca,,,,,,,
30,Kanchanaphisek Road,motorway,URBAN,0.968563756063756,100.5178638,13.6239279,1,398,2278677912269197.0,1532174727872.0,62.285979469809,False,100.51843285560608,13.624419686184638,https://scontent.fmnl22-1.fna.fbcdn.net/m1/v/t6/An9av0zpXNVrgZ9kitXdM99sn5XvicaKBL9gbyXvvOh4xXRwyMYgmml9UTGwaH9YdoQThGgkgVRGSpqG7VwcelXLkRSgCvXWFJYoybrYdlgsLa8v280zgm_exNLWkIU9khBgVEqb7f2yBwzBPEW_bw?stp=s1024x576&edm=ALXxkZ8EAAAA&_nc_gid=-UC6088JJw5BdWVlppa3Dg&_nc_oc=Adp6cccTsJ8P7mBk6D456-49LHTsmWdORj7Q0v3bTuz_JVeI6OUmqAEtFDakMLcxAOQ&ccb=10-5&oh=00_Af_1WkrZsTrf3RR_5f9IRT84f2XqtVRjTJPLPw-u2SZaDQ&oe=6A5872A4&_nc_sid=201bca,,,,,,,
9067, ,trunk,RURAL,0.9682822245322245,100.8991716,14.9391769,1,145,474442113792261.0,1539407438564.0,359.45346069336,False,100.89925289154053,14.938585958850481,https://scontent.fmnl22-1.fna.fbcdn.net/m1/v/t6/An95cKP2F_PMvDLaj_os8lIWvj3D-cjfLpI2EaWgIyW7Vcav7OyLFLpU-fTi0EO3BwOeJY_HRzn8q8CfEgw96JMF4CfVilhXpR3vc9-kw4G0OkQKAXoMGE_cTWjvTmhhAD3UX18gIhSkS_vO0tnjPQ?stp=s1024x768&edm=ALXxkZ8EAAAA&_nc_gid=rpMMol6X7M5lMKJ_mKld9w&_nc_oc=Adq05i3ay1H5V0i7iJ1yS_rIC2t_Iro0vGE06vAyJA0lgyrPsHQochwDpqpFtxT6cdE&ccb=10-5&oh=00_Af-o36hUPQ5DxbMnjzZQEzmfZFjwec_KkBdabqCCe6CL4w&oe=6A5870F6&_nc_sid=201bca,,,,,,,
36152,Phetkasem Road,trunk,URBAN,0.9682259182259183,99.43038504,11.23366263,1,236,467862054313650.0,1552531732538.0,39.827359075838,False,99.42996561527252,11.233207142219115,https://scontent.fmnl22-1.fna.fbcdn.net/m1/v/t6/An9f034gBz4IIugaKkK1AZ7SUMG_7oCh1YrFrHf09UhTvRWLoOyC0IgVG-WYnhINeLw9h4kgSIOoi7x-76FUqSVp7wakZbzWY32kIqxQnsYfqk0bGIe4sMR5V2ahsw2w5uh-k4B6jvhbULz6aMKmBw?stp=s1024x576&edm=ALXxkZ8EAAAA&_nc_gid=RlkCU4W8wnrugIQl-1KAFw&_nc_oc=Ado8o-Ma9ntzzQk4nl_3qoWwT2w5nzGq9gnfinQZZ-Eb6tfU14ox_QKH9NYvAMCrZ7I&ccb=10-5&oh=00_Af-IKfbWAwosxehdOuxF0t2-i8m3lqakQyawkW2Q4xQS9w&oe=6A584CE4&_nc_sid=201bca,,,,,,,
35805,Mittraphap Road,trunk,RURAL,0.9679920304920305,102.87683278,16.89199641,1,59,1463283951542444.0,1727855902331.0,145.8932779159896,True,102.87667393684387,16.89246334398385,https://scontent.fmnl22-1.fna.fbcdn.net/m1/v/t6/An82hins2GlR6W0w3OTPfYE8CGuhrbxuQXzan6dGTmQL2pL0B6k9LiOd5omfLvRHBDUgg7l5PX-nPq4JHwAoZGD_xV9w6CheesSRJpxbyZOVyp2wiGd8i2KAtcbb9xCFsPh6zcF2z2g9clhUWJTkL1I?stp=s1024x512&edm=ALXxkZ8EAAAA&_nc_gid=-txFV36bSCCIAehYryQsvg&_nc_oc=Adp4clN-pzQr8v8wlfiixb0R87guqUuZAhcKev1d9gS6f_J6vb2U_lf1mtiO5Pd6ap0&ccb=10-5&oh=00_Af-DKmj_tlOp5G0Xqv8Gl67w5W7BnsNbkbpZOJBPzga59w&oe=6A5866CD&_nc_sid=201bca,,,,,,,
12461, ,trunk,RURAL,0.9678707553707554,101.8683233,14.3860125,1,142,1257436519933317.0,1777137664553.0,143.55309662558727,False,101.86828672885895,14.385945069028182,https://scontent.fmnl22-1.fna.fbcdn.net/m1/v/t6/An-rPrSPxMPZyXjOf5wWA7MqLniSqkPBNYItMjDeG1ELIUPtaQEp9XyJvbfRZWUpQK7nXCbar6SwxV3hpNZ8NmgtfPoJNYZRXqGmF_4E93IN8YJVylfOpS7h9OMXhJxJF8AsZ9_FnXfunB8flTQK7Fg?stp=s1024x576&edm=ALXxkZ8EAAAA&_nc_gid=9u3JGclQPY4TBIoMbKZJ_g&_nc_oc=AdqdHXUmviappwzEEUTfEBvsn8mlojSB26Tt2kLsqms4wv_wjtMHDiuprTgmz05gJok&ccb=10-5&oh=00_Af-8ekaithy2O0RJoI4PTADaAy0KUC2mO9F-rZPp6oz2zA&oe=6A5849DF&_nc_sid=201bca,,,,,,,
11441, ,trunk,URBAN,0.967704002079002,101.32498932,13.7251847,1,190,1613674609670155.0,1771251220312.0,247.15439923200685,False,101.32517695426941,13.725080671646651,https://scontent.fmnl22-1.fna.fbcdn.net/m1/v/t6/An_f3VhYCHLMkQ60qLp7kJWLzeB6vfuCshkH-4uHQ9ktOT9Lfvl8wIOknywTjyTd9ZRTvJ7RHIJ_FLgcwuCLMctlZZzSGOhnUL22eEqKEYbZs6TCGI0KcDJ0wNdCyQewrLbMLKnfpoP4ZH-B462G1_A?stp=s1024x576&edm=ALXxkZ8EAAAA&_nc_gid=LIqJb2ZFYdc2Y5bOyIwfIg&_nc_oc=AdqNGNFYiHTdsqisVdUDxv1O32h-kuczbLGVs8CiU6uEjopVTL3VHF2rYPgsmQBQrz0&ccb=10-5&oh=00_Af8BduNFyxdpLee8TaKorm7eEQnxP61huE9s7c6lKsvyYw&oe=6A58538D&_nc_sid=201bca,,,,,,,
55811,Thep Krasattri Road,primary,RURAL,0.9676996708246708,98.29998779,8.18064742,1,105,178249104177942.0,1577860177134.0,182.28930664062,False,98.30014407634735,8.180949366970722,https://scontent.fmnl22-1.fna.fbcdn.net/m1/v/t6/An_0-mrjYuTJ_S-snZxVPSM4Z4gu4QzviiITL0H8NHZOqIkcYs-52UcGXtCe8hJndnyErT462vYsPDrEC7Mfm8FBYMuaOgi4w0518njUijkGP2yRWAnJc0R-ejHqcJYb3xlmC6VT5eUhClrlY5z049g?stp=s1024x576&edm=ALXxkZ8EAAAA&_nc_gid=WAwTKL6shSjWmOGMBEKosQ&_nc_oc=AdrrNq8XZIgdLcOQuarr772uilb0xXU7poYLzkvw5daxbNWdIaEfnIjswyyQmplJBHo&ccb=10-5&oh=00_Af8HZ02UGrjIApQK7oRTzmCkUIdCXJQnnwo5xikYXYx5bg&oe=6A585B1E&_nc_sid=201bca,,,,,,,
11564, ,trunk,RURAL,0.9676585239085239,101.3553457,13.1296754,1,734,894172641165945.0,1552660132200.0,0.0,False,101.35533034801483,13.129949014543868,https://scontent.fmnl22-1.fna.fbcdn.net/m1/v/t6/An9J-zHSKzJIEE8s1rb_6hVL4Q3kUGrnkx2NhNJjVeS8sHAAiwaV5VQHQ5YwuLp9V_Yqmhoi6ClmqYvl3yDoYFwABkMVLcvPvGVCHHxZsGs1hWIQBnaz1CSza6QeDIzysjhSt27Rp7nmhxmmVUaEsg?stp=s1024x614&edm=ALXxkZ8EAAAA&_nc_gid=tqjs7IXSV5Qu-chgpMg7pQ&_nc_oc=Ado-TFMc-2q8vxQR4jGLosptIuFDCKNcxttK_Ct6Uhi9_n1UZv4_OjuefLdtqhwykDs&ccb=10-5&oh=00_Af8yz17gIzRMPqQSaB6IOQ8F1T-iPJ-RY4MN6l1EklAwxQ&oe=6A5868C4&_nc_sid=201bca,,,,,,,
36137,Phetkasem Road,trunk,RURAL,0.9673011954261954,98.8179662,10.4958542,1,18,507851227021857.0,1578293660250.0,16.526550292969,False,98.81804645061493,10.496130126991389,https://scontent.fmnl22-1.fna.fbcdn.net/m1/v/t6/An8LbKodRftbFNxAtgQhGXfd4OjMcE6aD_xf3aHHGIhcaUmYqrHPeZIUNHcCXgzqozfxWSezeBYFo4W6TPzPmDv1aMCZ5C9h8tm2AeFm39rVHDx_gb5yJTXuCzePrraJ1_-47T9FOwEHm69RmNnmSQ?stp=s1024x576&edm=ALXxkZ8EAAAA&_nc_gid=R8wGQuQeL8lmIo7tABcWuQ&_nc_oc=AdrHArjiSGdgr4D2W5CvoAUQe6sIN2Gud-EDRdebzf3xJKzKoIVSMtNDmvoFN9NAU_U&ccb=10-5&oh=00_Af-hMdxipNfwtPHWf0A8T57nb6D6duVTyKgYjTdgFWsKig&oe=6A586533&_nc_sid=201bca,,,,,,,
17523,Asian Highway,trunk,URBAN,0.9669438669438669,100.22100515,15.20032886,1,190,973227925413598.0,1777425497307.0,330.91727571641894,False,100.2212119102478,15.199986552671575,https://scontent.fmnl22-1.fna.fbcdn.net/m1/v/t6/An8DvKYNLv5E550Oa0TDt_DSZJIasc4YuKqRP8qhYb7eSNPiNOy7ZhBVSyodCivFkrbz7ce76oOgAgh1si9d9fQGE4e7euICl69PZm_Ou43ZdAab2H48sI4Z3lWQWNylsZQI0QausNfu2qFG7fFeXEY?stp=s1024x576&edm=ALXxkZ8EAAAA&_nc_gid=Jvs1a--DUTllPXJbZWEDmg&_nc_oc=Ado-MthdjZ0xtk8apJiTR-aM0tsW8VoN6GWDDlGrqJSZQx9EhZDAoHbw1C5blGbNago&ccb=10-5&oh=00_Af_sAgXUVqiVO4wg4abVBaxS9toirM_JV1nGJwylQa2FyA&oe=6A5855C5&_nc_sid=201bca,,,,,,,
15760,Ratchaphruek Road,secondary,URBAN,0.9668355855855856,100.4527358,13.9228518,1,748,484393999576342.0,1541344534240.0,189.37542341261,False,100.45277237892151,13.923127937043802,https://scontent.fmnl22-1.fna.fbcdn.net/m1/v/t6/An_zJvSH8gMYODzxSYvFgS-xeXiHqO7CvBushWYD5Fx-Xw_fHgszph_VXRaL8wHrP1veuNV3E7KGzXUSI34EKZ6Pgazrxl99bVVujgl8VC2WCIhy9TIf5b_2S1bL4glXbR24SmRo1GvLZBBNKr9wDw?stp=s1024x576&edm=ALXxkZ8EAAAA&_nc_gid=vlvqr1Nm0ZpF-O-VA9RTkg&_nc_oc=AdqEScAyx2CcomFLvNHAAFZe6DAqZB_L1dnFnQnQU5Ab4bXid_obmM6hr6fbua3rc58&ccb=10-5&oh=00_Af8lXRirumJYpDOFn14uKiAaVEum6ZNtL_7qGt5MCK5oFg&oe=6A585F80&_nc_sid=201bca,,,,,,,
16501,Chaeng Sanit Road,trunk,RURAL,0.9664327789327789,104.3320735,15.6410931,1,131,528387061487320.0,1552967695511.0,300.71525333184,False,104.33178842067719,15.64116431700836,https://scontent.fmnl22-1.fna.fbcdn.net/m1/v/t6/An-Yqj4scEvW32PxYpF2qoIQvMzIq0u7hYpWGJfOCeMHJqCetf4PzTJC_VV2GaTuqwFLBladxYKUbVigdpQ0sjpshiPtqzYNcgQQIHZlSAGEFwn8dlE1UNK47v4vcyA4sr39ocmNqXgNgrlMmhwonA?stp=s1024x576&edm=ALXxkZ8EAAAA&_nc_gid=v42ErIj0AxwKOVtEHOSD_w&_nc_oc=AdoZ1BAK0gBCoc587UoZRsZAy6HR8rb4-Ex14AkeIKuhwUbUwrn-ZN-jZki7IPuGuGI&ccb=10-5&oh=00_Af_RHLf988tS6IoicK_pXEtvaEZw8-ekkkP3GMHVYIuEXA&oe=6A58727F&_nc_sid=201bca,,,,,,,
